{
	"format_version": "1.10.0",
	"particle_effect": {
		"description": {
			"identifier": "sm:albumart_kaizodemosvol3",
			"basic_render_parameters": {
				"material": "particles_alpha",
				"texture": "textures/particle/album_art/kaizodemosvol3"
			}
		},
		"components": {
			"minecraft:emitter_rate_instant": {
				"num_particles": 1
			},
			"minecraft:emitter_lifetime_looping": {
				"active_time": 1
			},
			"minecraft:emitter_shape_point": {},
			"minecraft:particle_lifetime_expression": {
				"max_lifetime": 1
			},
			"minecraft:particle_appearance_billboard": {
				"size": [0.5, 0.5],
				"facing_camera_mode": "direction_z",
				"direction": {
					"mode": "custom",
					"custom_direction": [1, 0, 0]
				},
				"uv": {
					"texture_width": 200,
					"texture_height": 200,
					"uv": [0, 0],
					"uv_size": [200, 200]
				}
			}
		}
	}
}