{
	"format_version": "1.10.0",
	"particle_effect": {
		"description": {
			"identifier": "sm:death_graphics",
			"basic_render_parameters": {
				"material": "particles_alpha",
				"texture": "textures/particle/death_frame_full"
			}
		},
		"components": {
			"minecraft:emitter_rate_instant": {
				"num_particles": 1
			},
			"minecraft:emitter_lifetime_once": {
				"active_time": 1
			},
			"minecraft:emitter_shape_point": {},
			"minecraft:particle_lifetime_expression": {
				"max_lifetime": 2
			},
			"minecraft:particle_initial_speed": 0,
			"minecraft:particle_motion_dynamic": {},
			"minecraft:particle_appearance_billboard": {
				"size": [2, 2],
				"facing_camera_mode": "direction_x",
				"direction": {
					"mode": "custom",
					"custom_direction": [1, 0, 0]
				},
				"uv": {
					"texture_width": 250,
					"texture_height": 250,
					"uv": [0, 0],
					"uv_size": [250, 250]
				}
			},
			"minecraft:particle_appearance_tinting": {
				"color": ["math.sin(variable.particle_age*90)", "math.sin(variable.particle_age*90)", "math.sin(variable.particle_age*90)", 1]
			}
		}
	}
}