{
	"format_version": "1.10.0",
	"particle_effect": {
		"description": {
			"identifier": "sm:denied_side2",
			"basic_render_parameters": {
				"material": "particles_alpha",
				"texture": "textures/particle/access_denied"
			}
		},
		"components": {
			"minecraft:emitter_rate_instant": {
				"num_particles": 1
			},
			"minecraft:emitter_lifetime_looping": {
				"active_time": 1
			},
			"minecraft:emitter_shape_point": {},
			"minecraft:particle_lifetime_expression": {
				"max_lifetime": 1
			},
			"minecraft:particle_appearance_billboard": {
				"size": [10.5, 5.5],
				"facing_camera_mode": "direction_x",
				"uv": {
					"texture_width": 336,
					"texture_height": 176,
					"uv": [0, 0],
					"uv_size": [336, 176]
				}
			}
		}
	}
}