{
	"format_version": "1.10.0",
	"particle_effect": {
		"description": {
			"identifier": "sm:rotationTest",
			"basic_render_parameters": {
				"material": "particles_alpha",
				"texture": "textures/particle/parry_ring"
			}
		},
		"components": {
			"minecraft:emitter_rate_steady": {
				"spawn_rate": 4,
				"max_particles": 100
			},
			"minecraft:emitter_lifetime_looping": {
				"active_time": 1
			},
			"minecraft:emitter_shape_point": {},
			"minecraft:particle_lifetime_expression": {
				"max_lifetime": 1
			},
			"minecraft:particle_appearance_billboard": {
				"size": [0.2, 0.2],
				"facing_camera_mode": "direction_z",
				"direction": {
					"mode": "custom",
					"custom_direction": [180, 0, 180]
				},
				"uv": {
					"texture_width": 16,
					"texture_height": 16,
					"uv": [0, 0],
					"uv_size": [16, 16]
				}
			}
		}
	}
}