{
	"format_version": "1.10.0",
	"particle_effect": {
		"description": {
			"identifier": "sm:wire_tile",
			"basic_render_parameters": {
				"material": "particles_blend",
				"texture": "textures/particle/wire_tile"
			}
		},
		"components": {
			"minecraft:emitter_rate_instant": {
				"num_particles": 1
			},
			"minecraft:emitter_lifetime_looping": {
				"active_time": 1
			},
			"minecraft:emitter_shape_point": {},
			"minecraft:particle_lifetime_expression": {
				"max_lifetime": 2
			},
			"minecraft:particle_initial_speed": 0,
			"minecraft:particle_motion_dynamic": {},
			"minecraft:particle_appearance_billboard": {
				"size": [1, 1],
				"facing_camera_mode": "direction_y",
				"direction": {
					"mode": "custom",
					"custom_direction": [360, 0, 0]
				},
				"uv": {
					"texture_width": 16,
					"texture_height": 16,
					"uv": [0, 0],
					"uv_size": [16, 16]
				}
			},
			"minecraft:particle_appearance_tinting": {
				"color": [1, 1, 1, 0.8902]
			}
		}
	}
}