{
	"format_version": "1.10.0",
	"particle_effect": {
		"description": {
			"identifier": "sm:blackhole",
			"basic_render_parameters": {
				"material": "particles_alpha",
				"texture": "textures/particle/blackhole"
			}
		},
		"components": {
			"minecraft:emitter_rate_instant": {
				"num_particles": 1
			},
			"minecraft:emitter_lifetime_looping": {
				"active_time": 1
			},
			"minecraft:emitter_shape_point": {},
			"minecraft:particle_lifetime_expression": {
				"max_lifetime": 3
			},
			"minecraft:particle_appearance_billboard": {
				"size": ["math.clamp(variable.particle_age,0,2)", "math.clamp(variable.particle_age,0,2)"],
				"facing_camera_mode": "rotate_xyz",
				"uv": {
					"texture_width": 32,
					"texture_height": 128,
					"flipbook": {
						"base_UV": [0, 0],
						"size_UV": [32, 32],
						"step_UV": [0, 32],
						"frames_per_second": 14,
						"max_frame": 4,
						"loop": true
					}
				}
			}
		}
	}
}