{
	"format_version": "1.10.0",
	"particle_effect": {
		"description": {
			"identifier": "sm:deathparticles",
			"basic_render_parameters": {
				"material": "particles_alpha",
				"texture": "textures/particle/deathwarner"
			}
		},
		"components": {
			"minecraft:emitter_rate_instant": {
				"num_particles": 1
			},
			"minecraft:emitter_lifetime_looping": {
				"active_time": 1
			},
			"minecraft:emitter_shape_box": {
				"half_dimensions": [1, 0, 1],
				"direction": "outwards"
			},
			"minecraft:particle_lifetime_expression": {
				"max_lifetime": 1
			},
			"minecraft:particle_initial_speed": 0,
			"minecraft:particle_motion_dynamic": {
				"linear_acceleration": [0, 1, 0]
			},
			"minecraft:particle_appearance_billboard": {
				"size": ["math.clamp(variable.particle_age-1/-2,0,0.1)", "math.clamp(variable.particle_age-1/-2,0,0.3)"],
				"facing_camera_mode": "rotate_xyz",
				"uv": {
					"texture_width": 4,
					"texture_height": 13,
					"uv": [0, 0],
					"uv_size": [4, 13]
				}
			}
		}
	}
}