{
	"format_version": "1.10.0",
	"particle_effect": {
		"description": {
			"identifier": "sm:death_effect",
			"basic_render_parameters": {
				"material": "particles_alpha",
				"texture": "textures/particle/death"
			}
		},
		"components": {
			"minecraft:emitter_rate_instant": {
				"num_particles": 5
			},
			"minecraft:emitter_lifetime_looping": {
				"active_time": 1
			},
			"minecraft:emitter_shape_point": {},
			"minecraft:particle_lifetime_expression": {
				"max_lifetime": 1
			},
			"minecraft:particle_initial_speed": 5,
			"minecraft:particle_motion_dynamic": {},
			"minecraft:particle_appearance_billboard": {
				"size": [0.4, 0.4],
				"facing_camera_mode": "rotate_xyz",
				"uv": {
					"texture_width": 10,
					"texture_height": 60,
					"flipbook": {
						"base_UV": [0, 0],
						"size_UV": [10, 10],
						"step_UV": [0, 10],
						"frames_per_second": 10,
						"max_frame": 6
					}
				}
			}
		}
	}
}