{
	"format_version": "1.10.0",
	"particle_effect": {
		"description": {
			"identifier": "sm:fire_lines_red",
			"basic_render_parameters": {
				"material": "particles_alpha",
				"texture": "textures/particle/uegredshot"
			}
		},
		"components": {
			"minecraft:emitter_rate_instant": {
				"num_particles": 1
			},
			"minecraft:emitter_lifetime_looping": {
				"active_time": 1
			},
			"minecraft:emitter_shape_point": {},
			"minecraft:particle_lifetime_expression": {
				"max_lifetime": 0.15
			},
			"minecraft:particle_initial_speed": 0,
			"minecraft:particle_motion_dynamic": {},
			"minecraft:particle_appearance_billboard": {
				"size": [0.4, 0.4],
				"facing_camera_mode": "rotate_xyz",
				"uv": {
					"texture_width": 9,
					"texture_height": 27,
					"flipbook": {
						"base_UV": [0, 0],
						"size_UV": [9, 9],
						"step_UV": [0, 9],
						"frames_per_second": 18,
						"max_frame": 3
					}
				}
			}
		}
	}
}