{
	"format_version": "1.12.0",
	"minecraft:geometry": [
		{
			"description": {
				"identifier": "geometry.armor_default",
				"texture_width": 64,
				"texture_height": 64,
				"visible_bounds_width": 5,
				"visible_bounds_height": 6.5,
				"visible_bounds_offset": [0, 1.75, 0]
			},
			"bones": [
				{
					"name": "body",
					"pivot": [0, 24, 0],
					"cubes": [
						{"origin": [-4, 12, -2], "size": [8, 12, 4], "uv": [16, 16]},
						{"origin": [-4, 12, -2], "size": [8, 12, 4], "inflate": 0.1, "uv": [16, 32]}
					]
				},
				{
					"name": "head",
					"pivot": [0, 24, 0],
					"cubes": [
						{"origin": [-4, 24, -4], "size": [8, 8, 8], "uv": [0, 0]},
						{"origin": [-4.3, 26, 0], "size": [1, 2, 2], "uv": [60, 0]},
						{"origin": [3.3, 26, 0], "size": [1, 2, 2], "uv": [60, 0]},
						{"origin": [-4, 24, -4], "size": [8, 8, 8], "inflate": 0.1, "uv": [32, 0]}
					]
				},
				{
					"name": "rightArm",
					"pivot": [7, 22, 0],
					"cubes": [
						{"origin": [4, 12, -2], "size": [3, 12, 4], "uv": [32, 48]},
						{"origin": [4, 12, -2], "size": [3, 12, 4], "inflate": 0.1, "uv": [48, 48]}
					]
				},
				{
					"name": "leftArm",
					"pivot": [-7, 22, 0],
					"cubes": [
						{"origin": [-7, 12, -2], "size": [3, 12, 4], "uv": [40, 16]},
						{"origin": [-7, 12, -2], "size": [3, 12, 4], "inflate": 0.1, "uv": [40, 32]}
					]
				},
				{
					"name": "leftLeg",
					"pivot": [-2, 12, 0],
					"cubes": [
						{"origin": [-4, 0, -2], "size": [4, 12, 4], "uv": [0, 16]},
						{"origin": [-4, 0, -2], "size": [4, 12, 4], "inflate": 0.1, "uv": [0, 32]}
					]
				},
				{
					"name": "rightLeg",
					"pivot": [2, 12, 0],
					"cubes": [
						{"origin": [0, 0, -2], "size": [4, 12, 4], "uv": [16, 48]},
						{"origin": [0, 0, -2], "size": [4, 12, 4], "inflate": 0.1, "uv": [0, 48]}
					]
				}
			]
		}
	]
}