{
	"format_version": "1.12.0",
	"minecraft:geometry": [
		{
			"description": {
				"identifier": "geometry.arrow",
				"texture_width": 32,
				"texture_height": 32,
				"visible_bounds_width": 3,
				"visible_bounds_height": 1.5,
				"visible_bounds_offset": [0, 0.25, 0]
			},
			"bones": [
				{
					"name": "body",
					"pivot": [0, 1, 0],
					"cubes": [
						{
							"origin": [0, -3.5, -1],
							"size": [0, 7, 14],
							"pivot": [0, 0, 0],
							"rotation": [0, 180, 45],
							"uv": {
								"east": {"uv": [0, 0], "uv_size": [14, 7]},
								"west": {"uv": [18, 5], "uv_size": [14, 7]}
							}
						},
						{
							"origin": [0, -3.5, -1],
							"size": [0, 7, 14],
							"pivot": [0, 0, 0],
							"rotation": [0, 180, -45],
							"uv": {
								"east": {"uv": [0, 0], "uv_size": [14, 7]},
								"west": {"uv": [14, 0], "uv_size": [14, 7]}
							}
						}
					]
				}
			]
		}
	]
}