{
	"format_version": "1.10.0",
	"geometry.BIG_sombrero": {
		"texturewidth": 512,
		"textureheight": 512,
		"visible_bounds_width": 7,
		"visible_bounds_height": 4,
		"visible_bounds_offset": [0, 0, 0],
		"bones": [
			{
				"name": "head",
				"pivot": [0, 24, 0],
				"cubes": [
					{"origin": [-34, 29.5, -31], "size": [67, 4, 69], "uv": [0, 91]},
					{"origin": [-42, 33.5, -36], "size": [85, 8, 83], "uv": [0, 0]},
					{"origin": [-26, 41.5, -23], "size": [55, 8, 54], "uv": [0, 164]},
					{"origin": [-14, 49.5, -13], "size": [32, 22, 31], "uv": [164, 164]},
					{"origin": [-5, 71.5, -13], "size": [16, 14, 31], "uv": [203, 91]}
				]
			},
			{
				"name": "bone",
				"parent": "head",
				"pivot": [9, 0, 0]
			},
			{
				"name": "bone3",
				"parent": "bone",
				"pivot": [12, 0, 0],
				"rotation": [0, 0, -10]
			},
			{
				"name": "bone2",
				"parent": "bone",
				"pivot": [-10, 0, 0],
				"rotation": [0, 0, 10]
			},
			{
				"name": "bone4",
				"parent": "head",
				"pivot": [-1, 8, 15],
				"rotation": [25, 0, 0]
			}
		]
	}
}