{
	"format_version": "1.12.0",
	"minecraft:geometry": [
		{
			"description": {
				"identifier": "geometry.bow_pulling_0",
				"texture_width": 16,
				"texture_height": 16
			},
			"bones": [
				{
					"name": "rightitem",
					"texture_meshes": [
						{
							"local_pivot": [6, 0, 6],
							"position": [2, 1, -1],
							"rotation": [0, -135, 90],
							"scale": [1, 1, 1],
							"texture": "bow_pulling_0"
						}
					]
				}
			]
		},
		{
			"description": {
				"identifier": "geometry.bow_pulling_1",
				"texture_width": 16,
				"texture_height": 16
			},
			"bones": [
				{
					"name": "rightitem",
					"texture_meshes": [
						{
							"local_pivot": [6, 0, 6],
							"position": [2.01, 1, -1],
							"rotation": [0, -135, 90],
							"scale": [1, 1, 1],
							"texture": "bow_pulling_1"
						}
					]
				}
			]
		},
		{
			"description": {
				"identifier": "geometry.bow_pulling_2",
				"texture_width": 16,
				"texture_height": 16
			},
			"bones": [
				{
					"name": "rightitem",
					"texture_meshes": [
						{
							"local_pivot": [6, 0, 6],
							"position": [2.01, 1, -1],
							"rotation": [0, -135, 90],
							"scale": [1, 1, 1],
							"texture": "bow_pulling_2"
						}
					]
				}
			]
		},
		{
			"description": {
				"identifier": "geometry.bow_standby",
				"texture_width": 32,
				"texture_height": 32,
				"visible_bounds_width": 3,
				"visible_bounds_height": 1,
				"visible_bounds_offset": [0, 0, 0]
			},
			"bones": [
				{
					"name": "rightitem",
					"pivot": [0, 0, 0],
					"cubes": [
						{"origin": [-1, 0, 0], "size": [1, 4, 2], "pivot": [0, 0, 0], "rotation": [45, 0, 0], "uv": [6, 25]},
						{"origin": [-1, 0, 4], "size": [1, 4, 2], "pivot": [0, 0, 4], "rotation": [90, 0, 0], "uv": [10, 10]},
						{"origin": [-1, 1, 1], "size": [1, 6, 2], "pivot": [0, 4, 1], "rotation": [90, 0, 0], "uv": [0, 21]},
						{"origin": [-3, 1, -4], "size": [5, 6, 1], "pivot": [0, 4, -5], "rotation": [90, 0, 0], "uv": [19, 19]},
						{"origin": [-2, -2, 1], "size": [3, 19, 2], "pivot": [0, 6, 1], "rotation": [90, 0, 0], "uv": [0, 0]},
						{"origin": [-2, 10, 17], "size": [3, 4, 3], "pivot": [0, 3, 17], "rotation": [90, 0, 0], "uv": [7, 18]},
						{"origin": [-2, 15, 17], "size": [3, 3, 2], "pivot": [0, 8, 17], "rotation": [90, 0, 0], "uv": [18, 8]},
						{"origin": [-2, 9, 18], "size": [3, 2, 2], "pivot": [0, 0, 17], "rotation": [90, 0, 0], "uv": [20, 0]},
						{"origin": [-1, -20, 2.5], "size": [1, 5, 1], "pivot": [0, -13, -17], "rotation": [90, 0, 0], "uv": [12, 25]},
						{"origin": [-2, 5, -6], "size": [3, 8, 2], "pivot": [0, 8, -6], "rotation": [90, 0, 0], "uv": [10, 0]},
						{"origin": [-2, 10, 2], "size": [3, 4, 1], "pivot": [0, 9, 2], "rotation": [90, 0, 0], "uv": [24, 13]},
						{"origin": [-1, -1, 0], "size": [1, 1, 1], "pivot": [0, 2, -1], "rotation": [90, 0, 0], "uv": [8, 0]},
						{"origin": [-1, 3, 7], "size": [1, 2, 6], "pivot": [0, 1, 8], "rotation": [90, 0, 0], "uv": [10, 10]}
					]
				}
			]
		}
	]
}