{
	"format_version": "1.10.0",
	"geometry.catmodelenemy": {
		"texturewidth": 32,
		"textureheight": 32,
		"visible_bounds_width": 7,
		"visible_bounds_height": 4,
		"visible_bounds_offset": [0, 0, 0],
		"bones": [
			{
				"name": "head",
				"pivot": [0, 28, 3],
				"cubes": [
					{"origin": [-4.5, 33.5, -2], "size": [2, 2, 1], "uv": [0, 0]},
					{"origin": [2.5, 33.5, -2], "size": [2, 2, 1], "uv": [14, 5]},
					{"origin": [1.5, 34.5, -2], "size": [1, 1, 1], "uv": [0, 25]},
					{"origin": [-2.5, 34.5, -2], "size": [1, 1, 1], "uv": [0, 13]},
					{"origin": [2.5, 35.5, -2], "size": [2, 1, 1], "uv": [10, 28]},
					{"origin": [-4.5, 35.5, -2], "size": [2, 1, 1], "uv": [19, 8]}
				]
			},
			{
				"name": "leftArm",
				"pivot": [5, 21.5, 0]
			},
			{
				"name": "rightArm",
				"pivot": [-5, 21.5, 0]
			},
			{
				"name": "leftLeg",
				"pivot": [1.9, 12, 0]
			},
			{
				"name": "rightLeg",
				"parent": "leftLeg",
				"pivot": [-1.9, 12, 0]
			},
			{
				"name": "body",
				"pivot": [0, 39, -6]
			},
			{
				"name": "bone",
				"parent": "body",
				"pivot": [0, 29, -15],
				"rotation": [-90, 0, -180],
				"cubes": [
					{"origin": [0, 37, -15], "size": [0, 13, 7], "uv": [18, 12]}
				]
			}
		]
	}
}