{
	"format_version": "1.12.0",
	"minecraft:geometry": [
		{
			"description": {
				"identifier": "geometry.chair",
				"texture_width": 64,
				"texture_height": 64,
				"visible_bounds_width": 2,
				"visible_bounds_height": 3,
				"visible_bounds_offset": [0, 0, 0]
			},
			"bones": [
				{
					"name": "unknown_bone",
					"pivot": [0, 0, 0],
					"cubes": [
						{"origin": [-6, 0, 4], "size": [2, 12, 3], "uv": [0, 33]},
						{"origin": [-6, 0, -7], "size": [2, 12, 3], "uv": [27, 30]},
						{"origin": [4, 0, -7], "size": [2, 12, 3], "uv": [0, 33]},
						{"origin": [4, 0, 4], "size": [2, 12, 3], "uv": [0, 33]},
						{"origin": [-6, 12, -7], "size": [12, 2, 14], "uv": [0, 0]},
						{"origin": [-6, 14, 4], "size": [12, 14, 3], "uv": [0, 16]}
					]
				}
			]
		}
	]
}