{
	"format_version": "1.10.0",
	"geometry.demon": {
		"texturewidth": 64,
		"textureheight": 64,
		"visible_bounds_width": 7,
		"visible_bounds_height": 4,
		"visible_bounds_offset": [0, 0, 0],
		"bones": [
			{
				"name": "head",
				"pivot": [0, 28, 3]
			},
			{
				"name": "bone3",
				"parent": "head",
				"pivot": [-3, 34, -1.5]
			},
			{
				"name": "bone",
				"parent": "bone3",
				"pivot": [-3, 34, -1.5],
				"rotation": [0, 0, -40],
				"cubes": [
					{"origin": [-4, 33.5, -2], "size": [1.5, 2, 1], "uv": [4, 27]},
					{"origin": [-3.42326, 34.90883, -2], "size": [0.8, 1, 1], "uv": [2, 10]}
				]
			},
			{
				"name": "bone2",
				"parent": "bone3",
				"pivot": [-5, 33, -1.5],
				"rotation": [0, 0, -15],
				"cubes": [
					{"origin": [-4, 35, -2], "size": [1, 2, 1], "uv": [0, 27]}
				]
			},
			{
				"name": "bone4",
				"parent": "bone3",
				"pivot": [-5, 34, -1.5],
				"rotation": [0, 0, 15],
				"cubes": [
					{"origin": [-5.6, 37, -2], "size": [0.6, 3, 1], "uv": [10, 26]}
				]
			},
			{
				"name": "bone5",
				"parent": "head",
				"pivot": [3, 34, -1.5],
				"rotation": [0, 180, 0]
			},
			{
				"name": "bone6",
				"parent": "bone5",
				"pivot": [3, 34, -1.5],
				"rotation": [0, 0, -40],
				"cubes": [
					{"origin": [2, 33.5, -2], "size": [1.5, 2, 1], "uv": [20, 25]},
					{"origin": [2.57674, 34.90883, -2], "size": [0.8, 1, 1], "uv": [0, 10]}
				]
			},
			{
				"name": "bone7",
				"parent": "bone5",
				"pivot": [1, 33, -1.5],
				"rotation": [0, 0, -15],
				"cubes": [
					{"origin": [2, 35, -2], "size": [1, 2, 1], "uv": [16, 25]}
				]
			},
			{
				"name": "bone8",
				"parent": "bone5",
				"pivot": [1, 34, -1.5],
				"rotation": [0, 0, 15],
				"cubes": [
					{"origin": [0.4, 37, -2], "size": [0.6, 3, 1], "uv": [8, 26]}
				]
			},
			{
				"name": "leftArm",
				"pivot": [5, 21.5, 0]
			},
			{
				"name": "rightArm",
				"pivot": [-5, 21.5, 0]
			},
			{
				"name": "leftLeg",
				"pivot": [1.9, 12, 0]
			},
			{
				"name": "rightLeg",
				"parent": "leftLeg",
				"pivot": [-1.9, 12, 0]
			},
			{
				"name": "body",
				"pivot": [0, 26, -8]
			},
			{
				"name": "bone11",
				"parent": "body",
				"pivot": [0, 25, 0],
				"rotation": [0, 0, -180],
				"cubes": [
					{"origin": [-2, 26, -6], "size": [0, 2, 4], "uv": [0, 21]},
					{"origin": [2, 26, -6], "size": [0, 2, 4], "uv": [8, 21]},
					{"origin": [-8, 17, -2], "size": [16, 4, 0], "uv": [0, 60]},
					{"origin": [-8, 21, -2], "size": [16, 11, 0], "uv": [0, 0]},
					{"origin": [0, 22, -6], "size": [0, 13, 12], "uv": [0, 0]}
				]
			},
			{
				"name": "bone10",
				"parent": "bone11",
				"pivot": [11, 4, 14],
				"rotation": [0, 25, 0],
				"cubes": [
					{"origin": [15, 21, -1.9], "size": [10, 11, 0], "uv": [24, 24]}
				]
			},
			{
				"name": "bone9",
				"parent": "bone11",
				"pivot": [0, 4, 2],
				"rotation": [0, -25, 0],
				"cubes": [
					{"origin": [-18.7, 21, 1.8], "size": [10, 11, 0], "uv": [24, 11]}
				]
			}
		]
	}
}