{
	"format_version": "1.10.0",
	"geometry.demon": {
		"texturewidth": 64,
		"textureheight": 64,
		"visible_bounds_width": 7,
		"visible_bounds_height": 4,
		"visible_bounds_offset": [0, 0, 0],
		"bones": [
			{
				"name": "head",
				"pivot": [0, 28, 3]
			},
			{
				"name": "bone3",
				"parent": "head",
				"pivot": [-3, 34, -1.5]
			},
			{
				"name": "bone",
				"parent": "bone3",
				"pivot": [-3, 34, -1.5],
				"rotation": [0, 0, -40],
				"cubes": [
					{"origin": [-4, 33.5, -2], "size": [1.5, 2, 1], "uv": [39, 37]},
					{"origin": [-3.42326, 34.90883, -2], "size": [0.8, 1, 1], "uv": [39, 35]}
				]
			},
			{
				"name": "bone2",
				"parent": "bone3",
				"pivot": [-5, 33, -1.5],
				"rotation": [0, 0, -15],
				"cubes": [
					{"origin": [-4, 35, -2], "size": [1, 2, 1], "uv": [39, 36]}
				]
			},
			{
				"name": "bone4",
				"parent": "bone3",
				"pivot": [-5, 34, -1.5],
				"rotation": [0, 0, 15],
				"cubes": [
					{"origin": [-5.6, 37, -2], "size": [0.6, 3, 1], "uv": [38, 35]}
				]
			},
			{
				"name": "bone5",
				"parent": "head",
				"pivot": [3, 34, -1.5],
				"rotation": [0, 180, 0]
			},
			{
				"name": "bone6",
				"parent": "bone5",
				"pivot": [3, 34, -1.5],
				"rotation": [0, 0, -40],
				"cubes": [
					{"origin": [2, 33.5, -2], "size": [1.5, 2, 1], "uv": [40, 37]},
					{"origin": [2.57674, 34.90883, -2], "size": [0.8, 1, 1], "uv": [42, 35]}
				]
			},
			{
				"name": "bone7",
				"parent": "bone5",
				"pivot": [1, 33, -1.5],
				"rotation": [0, 0, -15],
				"cubes": [
					{"origin": [2, 35, -2], "size": [1, 2, 1], "uv": [39, 36]}
				]
			},
			{
				"name": "bone8",
				"parent": "bone5",
				"pivot": [1, 34, -1.5],
				"rotation": [0, 0, 15],
				"cubes": [
					{"origin": [0.4, 37, -2], "size": [0.6, 3, 1], "uv": [38, 36]}
				]
			},
			{
				"name": "leftArm",
				"pivot": [5, 21.5, 0]
			},
			{
				"name": "rightArm",
				"pivot": [-5, 21.5, 0]
			},
			{
				"name": "leftLeg",
				"pivot": [1.9, 12, 0]
			},
			{
				"name": "rightLeg",
				"parent": "leftLeg",
				"pivot": [-1.9, 12, 0]
			},
			{
				"name": "body",
				"pivot": [0, 24, -6],
				"rotation": [180, 0, 0],
				"cubes": [
					{"origin": [0, 10, -4], "size": [0, 13, 12], "uv": [8, 7]},
					{"origin": [-13, 17, -2], "size": [26, 11, 0], "uv": [0, 53]},
					{"origin": [2, 21, -6], "size": [0, 2, 4], "uv": [44, 7]},
					{"origin": [-3, 21, -6], "size": [0, 2, 4], "uv": [44, 7]}
				]
			}
		]
	}
}