{
	"format_version": "1.10.0",
	"geometry.fishman": {
		"texturewidth": 32,
		"textureheight": 32,
		"visible_bounds_width": 7,
		"visible_bounds_height": 4,
		"visible_bounds_offset": [0, 0, 0],
		"bones": [
			{
				"name": "head",
				"pivot": [0, 28, 3]
			},
			{
				"name": "leftArm",
				"pivot": [5, 21.5, 0]
			},
			{
				"name": "rightArm",
				"pivot": [-5, 21.5, 0]
			},
			{
				"name": "leftLeg",
				"pivot": [1.9, 12, 0]
			},
			{
				"name": "rightLeg",
				"parent": "leftLeg",
				"pivot": [-1.9, 12, 0]
			},
			{
				"name": "body",
				"pivot": [0, 24, -6],
				"rotation": [180, 0, 0],
				"cubes": [
					{"origin": [0, 9, -4], "size": [0, 15, 12], "uv": [0, 0]}
				]
			}
		]
	}
}