{
	"format_version": "1.10.0",
	"geometry.orca_hat": {
		"texturewidth": 128,
		"textureheight": 128,
		"visible_bounds_width": 4,
		"visible_bounds_height": 3,
		"visible_bounds_offset": [0, 0, 0],
		"bones": [
			{
				"name": "head",
				"pivot": [0, 24, 0],
				"cubes": [
					{"origin": [-4, 31.5, -11], "size": [8, 8, 16], "uv": [0, 0]},
					{"origin": [-3, 32.5, 5], "size": [6, 2, 6], "uv": [18, 36]},
					{"origin": [-5, 33.5, 11], "size": [10, -0.5, 7], "uv": [94, 122]}
				]
			},
			{
				"name": "bone",
				"parent": "head",
				"pivot": [9, 0, 0]
			},
			{
				"name": "bone3",
				"parent": "bone",
				"pivot": [12, 0, 0],
				"rotation": [0, 0, -10],
				"cubes": [
					{"origin": [6.01519, 33.3473, -7], "size": [9, 1, 9], "uv": [92, 118]}
				]
			},
			{
				"name": "bone2",
				"parent": "bone",
				"pivot": [-10, 0, 0],
				"rotation": [0, 0, 10],
				"cubes": [
					{"origin": [-14.96962, 33.17365, -7], "size": [9, 1, 9], "uv": [92, 118]}
				]
			},
			{
				"name": "bone4",
				"parent": "head",
				"pivot": [-1, 8, 15],
				"rotation": [25, 0, 0],
				"cubes": [
					{"origin": [-0.5, 38.65476, 10.81262], "size": [0.5, 6, 14], "uv": [100, 108]}
				]
			}
		]
	}
}