{
	"format_version": "1.10.0",
	"geometry.shades": {
		"texturewidth": 32,
		"textureheight": 32,
		"visible_bounds_width": 4,
		"visible_bounds_height": 3,
		"visible_bounds_offset": [0, 0, 0],
		"bones": [
			{
				"name": "head",
				"pivot": [0, 26, -3],
				"cubes": [
					{"origin": [-5, 27.5, -8], "size": [10, 2, 1], "uv": [10, 10]},
					{"origin": [-5, 28.5, -7], "size": [1, 1, 8], "uv": [0, 10]},
					{"origin": [4, 28.5, -7], "size": [1, 1, 8], "uv": [0, 0]},
					{"origin": [-4, 26.5, -8], "size": [3, 1, 1], "uv": [0, 2]},
					{"origin": [1, 26.5, -8], "size": [3, 1, 1], "uv": [0, 0]}
				]
			},
			{
				"name": "bone",
				"parent": "head",
				"pivot": [9, 0, 0]
			},
			{
				"name": "bone3",
				"parent": "bone",
				"pivot": [12, 0, 0],
				"rotation": [0, 0, -10]
			},
			{
				"name": "bone2",
				"parent": "bone",
				"pivot": [-10, 0, 0],
				"rotation": [0, 0, 10]
			},
			{
				"name": "bone4",
				"parent": "head",
				"pivot": [-1, 8, 15],
				"rotation": [25, 0, 0]
			}
		]
	}
}