{
	"format_version": "1.12.0",
	"minecraft:geometry": [
		{
			"description": {
				"identifier": "geometry.cfour",
				"texture_width": 64,
				"texture_height": 64,
				"visible_bounds_width": 2,
				"visible_bounds_height": 1.5,
				"visible_bounds_offset": [0, 0.25, 0]
			},
			"bones": [
				{
					"name": "unknown_bone",
					"pivot": [0, 0, 0],
					"cubes": [
						{"origin": [-3, 0, -5], "size": [6, 2, 11], "uv": [0, 0]},
						{"origin": [-1.5, 2, -3], "size": [3, 1, 5], "uv": [0, 13]},
						{"origin": [-1.5, 2.5, 2], "size": [1, 0, 5], "uv": [0, 0]}
					]
				}
			]
		}
	]
}