{
	"format_version": "1.12.0",
	"minecraft:geometry": [
		{
			"description": {
				"identifier": "geometry.rocket_launcher_player",
				"texture_width": 64,
				"texture_height": 64,
				"visible_bounds_width": 7,
				"visible_bounds_height": 3,
				"visible_bounds_offset": [0, -0.5, 0]
			},
			"bones": [
				{
					"name": "rightArm",
					"pivot": [16, 2, 19]
				},
				{
					"name": "bone",
					"parent": "rightArm",
					"pivot": [11.15181, -53.65424, 18.27796]
				},
				{
					"name": "bone2",
					"parent": "rightArm",
					"pivot": [6.04424, -6.45854, 13.75282],
					"rotation": [65, 40, -65],
					"cubes": [
						{"origin": [5.81116, -8.27173, 8.5882], "size": [2, 12, 2], "pivot": [6.66021, -13.35101, 15.35724], "rotation": [-90, 180, 0], "uv": [16, 19]},
						{"origin": [5.81116, -8.27173, 10.5882], "size": [2, 12, 1], "pivot": [6.66021, -13.35101, 15.35724], "rotation": [-90, 180, 0], "uv": [29, 6]},
						{"origin": [5.81116, -8.27173, 7.5882], "size": [2, 12, 1], "pivot": [6.66021, -13.35101, 15.35724], "rotation": [-90, 180, 0], "uv": [24, 24]},
						{"origin": [7.81116, -8.27173, 8.5882], "size": [1, 12, 2], "pivot": [6.66021, -13.35101, 15.35724], "rotation": [-90, 180, 0], "uv": [6, 21]},
						{"origin": [4.81116, -8.27173, 8.5882], "size": [1, 12, 2], "pivot": [6.66021, -13.35101, 15.35724], "rotation": [-90, 180, 0], "uv": [0, 21]},
						{"origin": [3.81116, -14.27173, 6.5882], "size": [6, 6, 6], "pivot": [6.66021, -13.35101, 15.35724], "rotation": [-90, 180, 0], "uv": [0, 0]},
						{"origin": [5.81116, -22.27173, 10.5882], "size": [2, 8, 1], "pivot": [6.66021, -13.35101, 15.35724], "rotation": [-90, 180, 0], "uv": [0, 35]},
						{"origin": [7.81116, -22.27173, 8.5882], "size": [1, 8, 2], "pivot": [6.66021, -13.35101, 15.35724], "rotation": [-90, 180, 0], "uv": [12, 31]},
						{"origin": [5.81116, -22.27173, 7.5882], "size": [2, 8, 1], "pivot": [6.66021, -13.35101, 15.35724], "rotation": [-90, 180, 0], "uv": [18, 33]},
						{"origin": [4.81116, -22.27173, 8.5882], "size": [1, 8, 2], "pivot": [6.66021, -13.35101, 15.35724], "rotation": [-90, 180, 0], "uv": [30, 19]},
						{"origin": [5.81116, -22.27173, 8.5882], "size": [2, 8, 2], "pivot": [6.66021, -13.35101, 15.35724], "rotation": [-90, 180, 0], "uv": [30, 30]},
						{"origin": [4.81116, -14.82125, 12.00979], "size": [4, 2, 5], "pivot": [6.66021, -13.35101, 15.35724], "rotation": [-110, 180, 0], "uv": [11, 12]},
						{"origin": [4.81116, -16.27173, 15.5882], "size": [4, 2, 1], "pivot": [6.66021, -13.35101, 15.35724], "rotation": [-90, 180, 0], "uv": [31, 0]},
						{"origin": [4.81116, -17.27173, 11.5882], "size": [4, 1, 5], "pivot": [6.66021, -13.35101, 15.35724], "rotation": [-90, 180, 0], "uv": [18, 0]},
						{"origin": [5.81116, -6.27173, 11.5882], "size": [2, 2, 7], "pivot": [6.66021, -13.35101, 15.35724], "rotation": [-90, 180, 0], "uv": [0, 12]}
					]
				}
			]
		}
	]
}