{
	"format_version": "1.10.0",
	"geometry.spectral": {
		"texturewidth": 32,
		"textureheight": 32,
		"visible_bounds_width": 3,
		"visible_bounds_height": 2,
		"visible_bounds_offset": [0, 0, 0],
		"bones": [
			{
				"name": "body",
				"pivot": [0, 24, 0],
				"cubes": [
					{"origin": [13.5, 18, -2], "size": [0, 6, 3], "uv": [0, 4]},
					{"origin": [-8.5, 3, -2], "size": [0, 6, 3], "uv": [0, 4]},
					{"origin": [1.5, 7, 9], "size": [0, 6, 3], "uv": [0, 4]},
					{"origin": [7, 7, -2.5], "size": [3, 6, 0], "uv": [0, 7]},
					{"origin": [-12, 26, -3], "size": [3, 6, 0], "uv": [0, 7]}
				]
			},
			{
				"name": "head",
				"pivot": [0, 24, 0]
			},
			{
				"name": "leftArm",
				"pivot": [5, 21.5, 0]
			},
			{
				"name": "rightArm",
				"pivot": [-5, 21.5, 0]
			},
			{
				"name": "leftLeg",
				"pivot": [1.9, 12, 0]
			},
			{
				"name": "rightLeg",
				"pivot": [-1.9, 12, 0]
			}
		]
	}
}