{
	"format_version": "1.10.0",
	"particle_effect": {
		"description": {
			"identifier": "sm:tutorial",
			"basic_render_parameters": {
				"material": "particles_alpha",
				"texture": "textures/signs/training/tutorial"
			}
		},
		"components": {
			"minecraft:emitter_local_space": {
				"position": true,
				"rotation": true
			},
			"minecraft:emitter_rate_instant": {
				"num_particles": 1
			},
			"minecraft:emitter_lifetime_looping": {
				"active_time": 1
			},
			"minecraft:emitter_shape_point": {},
			"minecraft:particle_lifetime_expression": {
				"max_lifetime": 1.5
			},
			"minecraft:particle_initial_speed": 0,
			"minecraft:particle_motion_dynamic": {},
			"minecraft:particle_appearance_billboard": {
				"size": [2.5, 1],
				"facing_camera_mode": "direction_z",
				"direction": {
					"mode": "custom",
					"custom_direction": [1, 0, 0]
				},
				"uv": {
					"texture_width": 324,
					"texture_height": 216,
					"uv": [0, 0],
					"uv_size": [324, 216]
				}
			}
		}
	}
}