{
	"format_version": "1.10.0",
	"particle_effect": {
		"description": {
			"identifier": "sm:loadout_one",
			"basic_render_parameters": {
				"material": "particles_alpha",
				"texture": "textures/signs/pre-game/loadout_one"
			}
		},
		"components": {
			"minecraft:emitter_rate_steady": {
				"spawn_rate": 4,
				"max_particles": 100
			},
			"minecraft:emitter_lifetime_looping": {
				"active_time": 1
			},
			"minecraft:emitter_shape_point": {},
			"minecraft:particle_lifetime_expression": {
				"max_lifetime": 1
			},
			"minecraft:particle_initial_speed": 0,
			"minecraft:particle_motion_dynamic": {},
			"minecraft:particle_appearance_billboard": {
				"size": [1.5, 1.5],
				"facing_camera_mode": "lookat_y",
				"uv": {
					"texture_width": 400,
					"texture_height": 400,
					"uv": [0, 0],
					"uv_size": [400, 400]
				}
			}
		}
	}
}