{
	"format_version": "1.10.0",
	"particle_effect": {
		"description": {
			"identifier": "sm:saving_loadouts",
			"basic_render_parameters": {
				"material": "particles_alpha",
				"texture": "textures/signs/loadout_menu/saving_loadouts"
			}
		},
		"components": {
			"minecraft:emitter_rate_instant": {
				"num_particles": 1
			},
			"minecraft:emitter_lifetime_looping": {
				"active_time": 1
			},
			"minecraft:emitter_shape_point": {},
			"minecraft:particle_lifetime_expression": {
				"max_lifetime": 0.1
			},
			"minecraft:particle_appearance_billboard": {
				"size": [3, 1.5],
				"facing_camera_mode": "emitter_transform_yz",
				"uv": {
					"texture_width": 600,
					"texture_height": 300,
					"uv": [0, 0],
					"uv_size": [600, 300]
				}
			}
		}
	}
}